{"cameraMode":{"drawMode":0,"name":"Shaded","section":"Shading Mode"},"sceneLighting":true,"audioPlay":false,"sceneViewState":{"m_AlwaysRefresh":false,"showFog":true,"showSkybox":true,"showFlares":true,"showImageEffects":true,"showParticleSystems":true,"showVisualEffectGraphs":true,"m_FxEnabled":true},"in2DMode":false,"pivot":{"x":10.290571212768555,"y":17.24559211730957,"z":100.89048767089844},"rotation":{"x":0.1760912984609604,"y":0.2650751769542694,"z":-0.04930379241704941,"w":0.9467284083366394},"size":27.396289825439454,"orthographic":false}